<?xml version="1.0" encoding="UTF-8"?>

<beans xmlns="http://www.springframework.org/schema/beans"
	xmlns:xsi="http://www.w3.org/2001/XMLSchema-instance" xmlns:context="http://www.springframework.org/schema/context"
	xmlns:mvc="http://www.springframework.org/schema/mvc"
	xsi:schemaLocation="
       http://www.springframework.org/schema/beans     
       http://www.springframework.org/schema/beans/spring-beans-4.3.xsd
       http://www.springframework.org/schema/context
       http://www.springframework.org/schema/context/spring-context-4.3.xsd
       http://www.springframework.org/schema/mvc
       http://www.springframework.org/schema/mvc/spring-mvc-4.3.xsd">


	<mvc:annotation-driven enable-matrix-variables="true" />

	<context:component-scan base-package="fr.gestionnaire.controller" />
	<context:component-scan base-package="fr.gestionnaire.web" />

	<bean name="/actions/connexion/login" class="fr.gestionnaire.controller.DispatcherController" />
	<bean id="viewResolver"
		class="org.springframework.web.servlet.view.InternalResourceViewResolver">
		<property name="viewClass"
			value="org.springframework.web.servlet.view.JstlView"></property>
		<property name="prefix" value="/WEB-INF/jsp/"></property>
		<property name="suffix" value=".jsp"></property>
	</bean>


	<bean id="daoSource" class="fr.gestionnaire.annuaire.Dao">
		<property name="url"
			value="jdbc:mysql://localhost:3306/projetjee?useSSL=false" />
		<property name="user" value="root" />
		<property name="password" value="" />
		<property name="driverName" value="com.mysql.jdbc.Driver" />
	</bean>

	<!-- support JSR303 annotation -->
	<mvc:annotation-driven enable-matrix-variables="true" />

</beans>